Human Evaluation,,,,
n,,,,
DARR,,,,
"27,178",,,,
DARR,,,,
"99,840",,,,
DARR,,,,
"31,820",,,,
DARR,,,,
"11,355",,,,
DARR,,,,
"18,172",,,,
DARR,,,,
"17,401",,,,
DARR,,,,
"24,334",,,,
DARR,,,,
"18,658",,,,
BEER,,,,
0.443,,,,
0.316,,,,
0.514,,,,
0.537,,,,
0.516,,,,
0.441,,,,
0.542,,,,
0.232,,,,
CHARACTER,,,,
0.349,,,,
0.264,,,,
0.404,,,,
0.500,,,,
0.351,,,,
0.311,,,,
0.432,,,,
0.094,,,,
CHRf,,,,
0.455,,,,
0.326,,,,
0.514,,,,
0.534,,,,
0.479,,,,
0.446,,,,
0.539,,,,
0.301,,,,
CHRf+,,,,
0.458,,,,
0.327,,,,
0.514,,,,
0.538,,,,
0.491,,,,
0.448,,,,
0.543,,,,
0.296,,,,
EED,,,,
0.431,,,,
0.315,,,,
0.508,,,,
0.568,,,,
0.518,,,,
0.425,,,,
0.546,,,,
0.257,,,,
ESIM,,,,
-,,,,
0.329,,,,
0.511,,,,
-,,,,
0.510,,,,
0.428,,,,
0.572,,,,
0.339,,,,
hLEPORA__BASELINE,,,,
-,,,,
-,,,,
-,,,,
0.463,,,,
0.390,,,,
-,,,,
-,,,,
SENTBLEU,,,,
0.367,,,,
0.248,,,,
0.396,,,,
0.465,,,,
0.392,,,,
0.334,,,,
0.469,,,,
0.270,,,,
YiSi-0,,,,
0.406,,,,
0.304,,,,
0.483,,,,
0.539,,,,
0.494,,,,
0.402,,,,
0.535,,,,
0.266,,,,
YiSi-1,,,,
0.475,,,,
0.351,,,,
0.537,,,,
0.551,,,,
0.546,,,,
0.470,,,,
0.585,,,,
0.355,,,,
YiSi-1__SRL,,,,
-,,,,
0.368,,,,
-,,,,
-,,,,
-,,,,
-,,,,
0.361,,,,
QE as a Metric:,,,,
IBM1-MORPHEME,,,,
-0.135,,,,
-0.003,,,,
-0.005,,,,
-,,,,
-,,,,
-0.165,,,,
-,,,,
IBM1-POS4GRAM,,,,
-,,,,
-0.123,,,,
-,,,,
-,,,,
-,,,,
-,,,,
-,,,,
LASIM,,,,
-,,,,
0.147,,,,
-,,,,
-,,,,
-,,,,
-,,,,
-0.24,,,,
-,,,,
LP,,,,
-,,,,
-0.119,,,,
-,,,,
-,,,,
-,,,,
-,,,,
-0.158,,,,
-,,,,
UNI,,,,
0.060,,,,
0.129,,,,
0.351,,,,
-,,,,
-,,,,
0.226,,,,
-,,,,
UNI+,,,,
-,,,,
-,,,,
-,,,,
-,,,,
-,,,,
0.222,,,,
-,,,,
USFD,,,,
-,,,,
-0.029,,,,
-,,,,
-,,,,
-,,,,
0.136,,,,
-,,,,
USFD-TL,,,,
-,,,,
-0.037,,,,
-,,,,
-,,,,
-,,,,
0.191,,,,
-,,,,
YiSi-2,,,,
0.069,,,,
0.212,,,,
0.239,,,,
0.147,,,,
0.187,,,,
0.003,,,,
-0.155,,,,
0.044,,,,
YiSi-2__SRL,,,,
-,,,,
0.236,,,,
-,,,,
-,,,,
-,,,,
-,,,,
0.034,,,,
newstest2019,,,,
