$ in millions,Banks,Governments,Non-banking Financial Institutions,Other,Total
Cayman Islands,$ 20,$ 2,"$ 40,347","$ 12,477","$ 52,846"
Japan,"$ 11,592","$ 8,659","$ 26,340","$ 6,013","$ 52,604"
United Kingdom,"$ 11,659","$ 12,079","$ 17,796","$ 8,561","$ 50,095"
France,"$ 3,569","$ 3,552","$ 27,078","$ 8,474","$ 42,673"
Germany,"$ 1,699","$ 3,715","$ 6,919","$ 5,457","$ 17,790"
Ireland,$ 123,$ 65,"$ 10,816","$ 4,232","$ 15,236"
China,"$ 1,122",,678,"$ 11,863","$ 14,087"
Canada,"$ 7,624",$ 507,"$ 1,600","$ 3,299","$ 13,030"
Brazil,"$ 1,337","$ 3,587","$ 1,339","$ 6,656","$ 12,919"
