As of September 30,2020,2019
Regular Membership Assessments Payable to UN,"$ 1,090","$ 1,055"
Dues Payable to UN Peacekeeping Missions,"1,221","2,121"
International Organizations Liability,935,"1,310"
Total Owed to International Organizations,"3,246","4,486"
Less Amounts Mandated to be Withheld and not likely to be Paid,728,683
International Organizations Liability,"$ 2,518","$ 3,803"
Funded Amounts,$ 259,"$ 1,485"
Unfunded Amounts,"2,259","2,318"
Total International Organizations Liability,"$ 2,518","$ 3,803"
